benchmark_label,mode,spec_k,sparsity_budget,quant_bits_requested,context_bucket,draft_cache_mode_resolved,n_rows,is_parallel_verification,quantization_type,mean_latency_e2e_s,std_latency_e2e_s,mean_latency_per_new_token_s,mean_memory_throughput_gb_s,mean_gpu_peak_memory_bytes_after_run,mean_draft_latency_total_s,mean_verify_latency_total_s,mean_acceptance_rate,mean_tokens_per_sec,mean_logical_draft_kv_bytes,gpu_torch_name
ar,autoregressive,0,0.0,-1,long,n/a,24,false,none,0.8723650865419804,0.27003151944606485,0.018383315148442343,183.41538837704582,3790886272.0,,,,54.474276027555,251596800.0,NVIDIA A10
ar,autoregressive,0,0.0,-1,medium,n/a,8,false,none,0.8265775048754449,0.27599458998331206,0.01735670322070959,185.80842126483472,3629726592.0,,,,57.65058187292894,107673600.0,NVIDIA A10
ar,autoregressive,0,0.0,-1,short,n/a,68,false,none,0.8239799799107881,0.27770287636698726,0.01716503255582122,183.20187226679,3489796562.8235292,,,,58.2849095502737,27955200.0,NVIDIA A10
spec_fp16,speculative_fp16,1,0.0,16,long,fp16,24,true,none,1.9411467502500794,0.6209528239460196,0.04075191159961067,82.6863354376538,4987213632.0,0.8397595760415631,0.8929518958343129,1.0,24.556625879186164,251904000.0,NVIDIA A10
spec_fp16,speculative_fp16,1,0.0,16,medium,fp16,8,true,none,1.876379023375307,0.6303955073542401,0.03937142516602066,81.90842182459377,3992201728.0,0.8457049222484585,0.89414097349907,1.0,25.411287136495332,107980800.0,NVIDIA A10
spec_fp16,speculative_fp16,1,0.0,16,short,fp16,68,true,none,1.8190424999558212,0.5827314216154991,0.038119928907627706,82.50671768040895,3367258164.7058825,0.8262943441023952,0.8726105431174815,1.0,26.246386204671104,28262400.0,NVIDIA A10
spec_fp16,speculative_fp16,3,0.0,16,long,fp16,24,true,none,1.301288968958185,0.40261187767959816,0.027429796319658806,122.96016602035849,4987675925.333333,0.8287804125425898,0.35387937175080236,1.0,36.5154049127372,251904000.0,NVIDIA A10
spec_fp16,speculative_fp16,3,0.0,16,medium,fp16,8,true,none,1.2563887373750475,0.42185253648273446,0.026366170064453964,122.3238906414764,3989393472.0,0.8343225373761669,0.35495881600384394,1.0,37.949783789310175,107980800.0,NVIDIA A10
spec_fp16,speculative_fp16,3,0.0,16,short,fp16,68,true,none,1.2138319629263759,0.38117563265515936,0.025498650951055524,123.39399486884685,3375739166.117647,0.8096549968683336,0.3486698790592893,1.0,39.25230415433424,28262400.0,NVIDIA A10
spec_fp16,speculative_fp16,5,0.0,16,long,fp16,24,true,none,1.1232452981666086,0.3289189165188586,0.02381448532877517,141.80512798844936,4987037205.333333,0.8104597312084346,0.21296217641590923,1.0,42.11300007435755,251904000.0,NVIDIA A10
spec_fp16,speculative_fp16,5,0.0,16,medium,fp16,8,true,none,1.0691125795000715,0.33359607985747264,0.022623774544923148,142.81752009125634,3986263040.0,0.8079359217496744,0.21080379400092397,1.0,44.305984196047845,107980800.0,NVIDIA A10
spec_fp16,speculative_fp16,5,0.0,16,short,fp16,68,true,none,1.0577974456028618,0.3141967844805817,0.022360159309281834,140.89151767691735,3375300096.0,0.8022315330434537,0.2140275042498408,0.9986213235294118,44.818956814494186,28262400.0,NVIDIA A10
spec_fp16,speculative_fp16,7,0.0,16,long,fp16,24,true,none,1.0779927792500577,0.3208793328152415,0.02281999889127695,147.98972121722636,4988391637.333333,0.8207779435418038,0.16440497783293986,1.0,43.94949166943095,251904000.0,NVIDIA A10
spec_fp16,speculative_fp16,7,0.0,16,medium,fp16,8,true,none,1.0293478143747876,0.3393491574807939,0.021646684646480896,149.03392257273887,3985903168.0,0.8235317631232562,0.16067179287729516,1.0,46.235842441812736,107980800.0,NVIDIA A10
spec_fp16,speculative_fp16,7,0.0,16,short,fp16,68,true,none,1.0048540390292426,0.3080293186057458,0.021167879533315462,148.71936130430333,3376084517.647059,0.8078932956909521,0.16046078160283628,0.9990950226244344,47.308886532527204,28262400.0,NVIDIA A10
spec_quant_memonly,quant_only,1,0.0,16,long,fp16,24,true,none,1.9565208107912138,0.653767986634426,0.04086531138996463,82.42485214629961,4987958954.666667,0.8455594543762951,0.9006347325794195,1.0,24.480106020553205,251904000.0,NVIDIA A10
spec_quant_memonly,quant_only,1,0.0,16,medium,fp16,8,true,none,1.883048958749896,0.650789479493836,0.039381699507814005,81.88208278082007,3991765952.0,0.8452229826248185,0.8967724562498915,1.0,25.40348483885397,107980800.0,NVIDIA A10
spec_quant_memonly,quant_only,1,0.0,16,short,fp16,68,true,none,1.8302911076322796,0.5919886445504832,0.0383112823251378,82.08315667257033,3371874522.352941,0.8293152828540876,0.8774542724703518,1.0,26.11163994219572,28262400.0,NVIDIA A10
spec_quant_memonly,quant_only,1,0.0,4,long,quant_only,24,true,memory_only,6.572719462708695,2.285293917966062,0.13690035405468848,24.687414741689928,4760094549.333333,2.928726871368781,0.9141563442901012,1.0,7.3347013065994355,78720000.0,NVIDIA A10
spec_quant_memonly,quant_only,1,0.0,4,medium,quant_only,8,true,memory_only,5.463661447375671,1.9440881162729007,0.1138975131777471,28.31416223627287,3872669696.0,2.4756366097553837,0.9131499245163468,1.0,8.784472217455871,33744000.0,NVIDIA A10
spec_quant_memonly,quant_only,1,0.0,4,short,quant_only,68,true,memory_only,5.208619104176357,1.7082932259056853,0.10884039318267635,28.88783369239375,3350543691.2941175,2.3624828214545177,0.8954041113253933,1.0,9.19003778575698,8832000.0,NVIDIA A10
spec_quant_memonly,quant_only,1,0.0,8,long,quant_only,24,true,memory_only,4.4584984620416135,1.545873503169817,0.09297891158788711,36.38966880160868,5038514986.666667,1.8712824488305462,0.8996110564997556,1.0,10.811966432065343,125952384.0,NVIDIA A10
spec_quant_memonly,quant_only,1,0.0,8,medium,quant_only,8,true,memory_only,3.4928780596246725,1.2627029714020073,0.07264577481053891,44.37636339267701,3977752768.0,1.4941038980036865,0.9059557165119259,1.0,13.76788025684739,53990784.0,NVIDIA A10
spec_quant_memonly,quant_only,1,0.0,8,short,quant_only,68,true,memory_only,3.3497154893531627,1.1168190580756407,0.06986710591153704,45.00530370159407,3371864304.9411764,1.449183850852558,0.8865387125721528,1.0,14.3173862200871,14131584.0,NVIDIA A10
spec_quant_memonly,quant_only,3,0.0,16,long,fp16,24,true,none,1.3075042113334046,0.40792989973358,0.027531003140628247,122.47942225204537,4988255274.666667,0.8304660802468788,0.3584404323799693,1.0,36.37556494218583,251904000.0,NVIDIA A10
spec_quant_memonly,quant_only,3,0.0,16,medium,fp16,8,true,none,1.2487008755006173,0.42510555826930196,0.026162472857436114,123.25460516709835,3989393472.0,0.8294815448784902,0.3526316337542994,1.0,38.23876220042666,107980800.0,NVIDIA A10
spec_quant_memonly,quant_only,3,0.0,16,short,fp16,68,true,none,1.2262308772644568,0.3948542197896397,0.02568209272150271,122.477300177648,3371672809.4117646,0.8172798435001395,0.3526042378227216,1.0,38.9616610170002,28262400.0,NVIDIA A10
spec_quant_memonly,quant_only,3,0.0,4,long,quant_only,24,true,memory_only,4.260425003041443,1.4622209081019166,0.08887224163737055,38.013689089076784,4759891541.333333,2.9061247097480796,0.35536772066931616,1.0,11.293674098567381,78720000.0,NVIDIA A10
spec_quant_memonly,quant_only,3,0.0,4,medium,quant_only,8,true,memory_only,3.5261944368735385,1.214950853767104,0.07377030591207756,43.70362597196352,3875825216.0,2.436235503374064,0.3542048725021232,1.0,13.558803476830672,33744000.0,NVIDIA A10
spec_quant_memonly,quant_only,3,0.0,4,short,quant_only,68,true,memory_only,3.434286286470524,1.1329727309760782,0.07173758344370473,43.84620865719048,3351059809.882353,2.367433096954782,0.3666529416345571,0.986381204579734,13.948496735804428,8832000.0,NVIDIA A10
spec_quant_memonly,quant_only,3,0.0,8,long,quant_only,24,true,memory_only,2.865384106708158,0.9869390045720543,0.0597880433066346,56.56875774160175,5051042901.333333,1.8695996147524359,0.3564821770407131,1.0,16.807144873044724,125952384.0,NVIDIA A10
spec_quant_memonly,quant_only,3,0.0,8,medium,quant_only,8,true,memory_only,2.226700784374316,0.7505302443688399,0.0467042811132643,69.04718718186561,3981217024.0,1.4765833461306102,0.35411829224585745,1.0,21.42124406309793,53990784.0,NVIDIA A10
spec_quant_memonly,quant_only,3,0.0,8,short,quant_only,68,true,memory_only,2.1515251607794093,0.7036561873917648,0.04497401490946666,69.91171007087782,3372690688.0,1.4338130005734295,0.3521681521194349,0.998635463800905,22.240887387463737,14131584.0,NVIDIA A10
spec_quant_memonly,quant_only,5,0.0,16,long,fp16,24,true,none,1.1326427579589715,0.3511829141584681,0.023865566445328074,141.30731990395338,4987658282.666667,0.8180579998744785,0.21483161912328796,1.0,41.96612512350814,251904000.0,NVIDIA A10
spec_quant_memonly,quant_only,5,0.0,16,medium,fp16,8,true,none,1.0874096063744219,0.3637603132630106,0.02282916236326571,141.28146549946246,3986263040.0,0.8221324568730779,0.214202695122367,1.0,43.83111044363088,107980800.0,NVIDIA A10
spec_quant_memonly,quant_only,5,0.0,16,short,fp16,68,true,none,1.0718200638383517,0.3480627248394318,0.022429897303538837,140.2577561097061,3371249904.9411764,0.8135571564580995,0.2161201639859535,0.9986213235294118,44.61758877856752,28262400.0,NVIDIA A10
spec_quant_memonly,quant_only,5,0.0,4,long,quant_only,24,true,memory_only,3.7759952185821626,1.2740048767561405,0.07895669186195657,42.802914135897765,4760183402.666667,2.910154830082471,0.21714378837729478,1.0,12.716498749459179,78720000.0,NVIDIA A10
spec_quant_memonly,quant_only,5,0.0,4,medium,quant_only,8,true,memory_only,3.1119544072494136,1.071641640237681,0.06510587787889222,49.51757186168685,3874310144.0,2.436887667370229,0.21649448875086819,1.0,15.362548549301481,33744000.0,NVIDIA A10
spec_quant_memonly,quant_only,5,0.0,4,short,quant_only,68,true,memory_only,3.071830343926569,1.0101341553282752,0.06423266807031529,49.010118113167195,3351530910.117647,2.3949502122650834,0.23104080488198686,0.9786964537206722,15.590736651280213,8832000.0,NVIDIA A10
spec_quant_memonly,quant_only,5,0.0,8,long,quant_only,24,true,memory_only,2.5192866764168684,0.8579892840698021,0.05264822221289478,64.23610245821946,5060054592.0,1.8767073096646527,0.21939516533181327,1.0,19.08491073726117,125952384.0,NVIDIA A10
spec_quant_memonly,quant_only,5,0.0,8,medium,quant_only,8,true,memory_only,1.9624485930007722,0.6678662423727165,0.0411149779258011,78.42218979869232,3979509120.0,1.487564561497038,0.21819434287408512,1.0,24.32990397709836,53990784.0,NVIDIA A10
spec_quant_memonly,quant_only,5,0.0,8,short,quant_only,68,true,memory_only,1.8629931013824983,0.6095758018321427,0.03894432310225431,80.74994300545181,3372466386.8235292,1.4173298466467874,0.21356144949945968,0.9986631016042781,25.688989747026163,14131584.0,NVIDIA A10
spec_quant_memonly,quant_only,7,0.0,16,long,fp16,24,true,none,1.0592405838757866,0.3349165233730185,0.022268891795590662,151.35795629183858,4988882496.0,0.8081445999165832,0.1585776836233587,1.0,44.95216995596917,251904000.0,NVIDIA A10
spec_quant_memonly,quant_only,7,0.0,16,medium,fp16,8,true,none,1.0365540747502564,0.36961866843867075,0.02160205178907404,149.31315261548238,3985903168.0,0.8274130374998094,0.16309321212156647,1.0,46.324469226776394,107980800.0,NVIDIA A10
spec_quant_memonly,quant_only,7,0.0,16,short,fp16,68,true,none,1.0034911064410206,0.3372304944959999,0.020908028056522077,150.3971269680807,3371978608.9411764,0.8065550844119249,0.16059833402906568,0.9990950226244344,47.84371137800405,28262400.0,NVIDIA A10
spec_quant_memonly,quant_only,7,0.0,4,long,quant_only,24,true,memory_only,3.5827059389163574,1.222865279731033,0.07478659867317106,45.18225449313476,4759401386.666667,2.9125191624604363,0.16262194041640518,1.0,13.423483232994167,78720000.0,NVIDIA A10
spec_quant_memonly,quant_only,7,0.0,4,medium,quant_only,8,true,memory_only,2.9474665013740378,1.0432312432210615,0.06145822193943218,52.44694974214242,3872491072.0,2.429376910625706,0.16191906650328747,1.0,16.2716190955229,33744000.0,NVIDIA A10
spec_quant_memonly,quant_only,7,0.0,4,short,quant_only,68,true,memory_only,2.9251456312500417,0.9584057444104326,0.06121719095128911,51.50053785915115,3352595990.5882354,2.4094449481770104,0.17466253427894973,0.9582749001050695,16.384450582535678,8832000.0,NVIDIA A10
spec_quant_memonly,quant_only,7,0.0,8,long,quant_only,24,true,memory_only,2.367595713833604,0.8064631869629086,0.04946048563867578,68.36193105436098,5067083840.0,1.866423456912192,0.16222524649977763,1.0,20.310634997071173,125952384.0,NVIDIA A10
spec_quant_memonly,quant_only,7,0.0,8,medium,quant_only,8,true,memory_only,1.8268698396245782,0.6297760171567376,0.038215692099598186,84.36017943641332,3977688896.0,1.4667315930000768,0.1604168240000945,1.0,26.172299603146914,53990784.0,NVIDIA A10
spec_quant_memonly,quant_only,7,0.0,8,short,quant_only,68,true,memory_only,1.7730552852058548,0.5942306957067582,0.036958607054914945,85.09002703307196,3372526637.1764708,1.4287933070152254,0.1605119028388478,0.9990950226244344,27.070245614114647,14131584.0,NVIDIA A10
spec_sparse,sparse_only,1,0.1,16,long,sparse_only,24,true,none,2.6137201207910343,0.8790025632710948,0.054544654208323586,61.75141783962644,4714481877.333333,0.9716561212874998,0.8975518903345497,1.0,18.340279958263924,55505549.333333336,NVIDIA A10
spec_sparse,sparse_only,1,0.1,16,medium,sparse_only,8,true,none,2.5217725614998017,0.9213471921935156,0.05237452034374712,61.55169595890307,3844740224.0,0.9788132371172651,0.9068964207453973,1.0,19.09671408900201,21659594.0,NVIDIA A10
spec_sparse,sparse_only,1,0.1,16,short,sparse_only,68,true,none,2.4134283976031035,0.8253415314221924,0.0501744357943524,62.67306002484278,3332646226.8235292,0.9525622055577568,0.8711152401894438,1.0,19.938213644259175,2909832.470588235,NVIDIA A10
spec_sparse,sparse_only,1,0.4,16,long,sparse_only,24,true,none,2.69945362854196,0.8924282267752399,0.056457246559901364,59.66423841546477,5043836160.0,1.0125715547502903,0.8956268920868146,1.0,17.720964409502468,116025525.33333333,NVIDIA A10
spec_sparse,sparse_only,1,0.4,16,medium,sparse_only,8,true,none,2.443981424624326,0.8543865341272562,0.05104073978513668,63.168608761017964,3938141824.0,0.9491332471156966,0.8813999976246123,1.0,19.59786878792779,45468214.0,NVIDIA A10
spec_sparse,sparse_only,1,0.4,16,short,sparse_only,68,true,none,2.4159616986324397,0.8100064644995956,0.050352296191408304,62.45364406886108,3339524487.529412,0.9538338078672335,0.8693692537637938,1.0,19.86870071435798,6415617.882352941,NVIDIA A10
spec_sparse,sparse_only,1,1.0,16,long,sparse_only,24,true,none,2.8708147514571465,0.9906936726263202,0.05973943285610043,56.402663086642974,5468464512.0,1.0720665667537712,0.8983711241188151,1.0,16.753639976841587,237167880.0,NVIDIA A10
spec_sparse,sparse_only,1,1.0,16,medium,sparse_only,8,true,none,2.5389335758759444,0.9069521232417443,0.052886868738298176,60.956987556352345,4125719168.0,0.9951439392598331,0.892636481005411,1.0,18.911938638412707,93239058.0,NVIDIA A10
spec_sparse,sparse_only,1,1.0,16,short,sparse_only,68,true,none,2.435313846146902,0.81367979728582,0.05078190912637711,61.93058382401266,3369522130.8235292,0.9638603841898229,0.8748654259977817,1.0,19.70130493333785,13517544.0,NVIDIA A10
spec_sparse,sparse_only,3,0.1,16,long,sparse_only,24,true,none,2.906428401000994,0.9741497122427722,0.060677869566428434,55.505014354812346,4966012970.666667,1.52763975020783,0.9631203524607675,0.34947417108914747,16.48452315436664,55505549.333333336,NVIDIA A10
spec_sparse,sparse_only,3,0.1,16,medium,sparse_only,8,true,none,2.786517240000194,0.9548512072389308,0.05834854786328947,55.271627060648086,3939405760.0,1.4889507948810206,0.9658108350017756,0.3421892497200448,17.147631080022496,21659594.0,NVIDIA A10
spec_sparse,sparse_only,3,0.1,16,short,sparse_only,68,true,none,2.634248438897082,0.8981471508178309,0.05479273403239952,57.402169493317736,3360043196.2352943,1.4090032128940626,0.9199818891745641,0.3700956482242096,18.260978469009363,2909832.470588235,NVIDIA A10
spec_sparse,sparse_only,3,0.4,16,long,sparse_only,24,true,none,3.090115842458393,1.0637787655451838,0.06430561533332953,52.37735083490393,5291550400.0,1.6622136624582708,0.9823366405027324,0.33863381858902575,15.556995253863892,116025525.33333333,NVIDIA A10
spec_sparse,sparse_only,3,0.4,16,medium,sparse_only,8,true,none,2.831340058125079,1.0221020609082208,0.05889205043945367,54.738556809947816,4031963008.0,1.5248837308758993,0.9696095361196058,0.33863381858902575,16.982788387207883,45468214.0,NVIDIA A10
spec_sparse,sparse_only,3,0.4,16,short,sparse_only,68,true,none,2.652914618617936,0.9177533731410635,0.05509114296600113,57.113584131533756,3367154597.647059,1.4225740580001964,0.9195772752533123,0.3711776863906467,18.169923130965792,6415617.882352941,NVIDIA A10
spec_sparse,sparse_only,3,1.0,16,long,sparse_only,24,true,none,2.406779467416527,1.0364136982553966,0.04849922902082445,70.21456123337416,5718464938.666667,1.4294670982873565,0.5718116640005064,0.7714041240777093,20.85958479633247,237167880.0,NVIDIA A10
spec_sparse,sparse_only,3,1.0,16,medium,sparse_only,8,true,none,1.9040682693739654,0.7786171369362447,0.038938070296850924,83.03963721493332,4223223424.0,1.1804098192446872,0.4586094581245561,0.8768398268398269,25.765292862342484,93239058.0,NVIDIA A10
spec_sparse,sparse_only,3,1.0,16,short,sparse_only,68,true,none,2.4928387824562273,0.972487347298555,0.05125246981962933,62.27579509330565,3395299584.0,1.3642147436298995,0.829259019176628,0.47245876500228623,19.798176034624063,13517544.0,NVIDIA A10
spec_sparse,sparse_only,5,0.1,16,long,sparse_only,24,true,none,3.896849323832915,1.3471492139435164,0.08105158564842914,41.5584634291983,4965943232.0,2.5167554399575542,0.9653397228747357,0.2149174912332807,12.34339036795199,55505549.333333336,NVIDIA A10
spec_sparse,sparse_only,5,0.1,16,medium,sparse_only,8,true,none,3.753517493501022,1.359734347537989,0.07806454345119107,41.306640179901244,3941799872.0,2.450889400374308,0.9685872704908434,0.21011663774821668,12.815470114533749,21659594.0,NVIDIA A10
spec_sparse,sparse_only,5,0.1,16,short,sparse_only,68,true,none,3.5909258775004407,1.2728971242291098,0.07432844486397899,42.34087310764931,3360016632.470588,2.3420165887776903,0.9331476964155573,0.22784586328369938,13.46962450620378,2909832.470588235,NVIDIA A10
spec_sparse,sparse_only,5,0.4,16,long,sparse_only,24,true,none,4.154303586333602,1.424375996956806,0.08648511592513349,38.941363476734644,5284295296.0,2.7366666868339657,0.9760069207080354,0.2078272604588394,11.565710360203266,116025525.33333333,NVIDIA A10
spec_sparse,sparse_only,5,0.4,16,medium,sparse_only,8,true,none,3.8462910646253476,1.3784978926489413,0.08007540994336182,40.25378130118092,4034754432.0,2.5297153898718534,0.9793152281267794,0.2078272604588394,12.48878855522724,45468214.0,NVIDIA A10
spec_sparse,sparse_only,5,0.4,16,short,sparse_only,68,true,none,3.5549180227940003,1.2148969324271428,0.07393258985087126,42.548205746774336,3367130548.7058825,2.324189373454026,0.920579767071371,0.2285511144330118,13.535672234733214,6415617.882352941,NVIDIA A10
spec_sparse,sparse_only,5,1.0,16,long,sparse_only,24,true,none,2.602924894374913,1.3256474882763463,0.05088167742187011,68.86881224226053,5720257237.333333,1.8266256153374343,0.4486901470409066,0.6861069486069485,20.46177322914979,237167880.0,NVIDIA A10
spec_sparse,sparse_only,5,1.0,16,medium,sparse_only,8,true,none,1.9968360633761222,0.950824227955528,0.03986592848829673,82.26873254916813,4223859136.0,1.4143206698768154,0.3762939352500325,0.7702380952380952,25.528978658230006,93239058.0,NVIDIA A10
spec_sparse,sparse_only,5,1.0,16,short,sparse_only,68,true,none,3.210589564705622,1.3075645915660328,0.06615509097977344,49.403554897881186,3392361088.0,2.119160674707981,0.8087354603419632,0.31683387741126035,15.696119954571012,13517544.0,NVIDIA A10
spec_sparse,sparse_only,7,0.1,16,long,sparse_only,24,true,none,4.8120201043772495,1.678687982636614,0.09995700218883978,33.70149231920179,4965921237.333333,3.438765003789134,0.9602350098263438,0.15745934812151471,10.009069572387979,55505549.333333336,NVIDIA A10
spec_sparse,sparse_only,7,0.1,16,medium,sparse_only,8,true,none,4.580709323376141,1.6403687340433057,0.09537759003322321,33.799062731372295,3943541952.0,3.302754852743874,0.9520754125119311,0.1537942995778254,10.48621056784913,21659594.0,NVIDIA A10
spec_sparse,sparse_only,7,0.1,16,short,sparse_only,68,true,none,4.386736362220772,1.5310637052763045,0.09097035038005889,34.581943985995224,3360000896.0,3.1594054350434817,0.9203067964875599,0.16701711005549327,11.001097447163058,2909832.470588235,NVIDIA A10
spec_sparse,sparse_only,7,0.4,16,long,sparse_only,24,true,none,5.181754277332402,1.793269900464134,0.1077500665787549,31.259615750483764,5283860266.666667,3.7701785534985297,0.9746957917932377,0.15208850756378414,9.284705613869635,116025525.33333333,NVIDIA A10
spec_sparse,sparse_only,7,0.4,16,medium,sparse_only,8,true,none,4.719576237126603,1.7606300336657081,0.0977500331680119,32.98445220891672,4036938752.0,3.422293342744524,0.9655598593708419,0.15208850756378414,10.233709745522576,45468214.0,NVIDIA A10
spec_sparse,sparse_only,7,0.4,16,short,sparse_only,68,true,none,4.393369511970163,1.5480447542966276,0.09102663044231296,34.57696047234709,3367147497.4117646,3.167706421590671,0.9158243415289796,0.16756003077303314,10.999835986781148,6415617.882352941,NVIDIA A10
spec_sparse,sparse_only,7,1.0,16,long,sparse_only,24,true,none,2.848639332458182,1.5970909074767066,0.05458574858528683,66.64051552777411,5719306880.0,2.1424860042561704,0.41228420250611936,0.6295341649146973,19.802742461073194,237167880.0,NVIDIA A10
spec_sparse,sparse_only,7,1.0,16,medium,sparse_only,8,true,none,1.8241586902481686,0.8605915868940252,0.03646562683785248,89.82349130945924,4217071488.0,1.389961903506446,0.27821088563041485,0.7834685598377282,27.873180690520215,93239058.0,NVIDIA A10
spec_sparse,sparse_only,7,1.0,16,short,sparse_only,68,true,none,3.86354089927997,1.636944513342466,0.07941433425138618,41.736198395653695,3393516950.5882354,2.7987949964609093,0.789777609252162,0.2441273062135215,13.256771510641865,13517544.0,NVIDIA A10
spec_sparse_quant_memonly,sparse_quant,1,0.1,16,long,sparse_only,24,true,none,2.644180791458344,0.8493596410191295,0.05549687344401081,60.73603628958144,4714481877.333333,0.9845192010821506,0.9073623598328595,1.0,18.03839643724966,55505549.333333336,NVIDIA A10
spec_sparse_quant_memonly,sparse_quant,1,0.1,16,medium,sparse_only,8,true,none,2.512733945624859,0.8077584137425444,0.05299471153124813,60.920624815865054,3844740224.0,0.9757287714945733,0.9050928919940873,1.0,18.899605303529174,21659594.0,NVIDIA A10
spec_sparse_quant_memonly,sparse_quant,1,0.1,16,short,sparse_only,68,true,none,2.4462778675883414,0.7487638346535165,0.05154781472058973,61.09320637529579,3325059282.8235292,0.9652203052185186,0.8815343888666488,1.0,19.43453661988205,2909832.470588235,NVIDIA A10
spec_sparse_quant_memonly,sparse_quant,1,0.1,4,long,sparse_quant,24,true,memory_only,5.992961768333099,1.9090029618581918,0.12588174681249628,26.77454943003546,4610292650.666667,2.5209016167484513,0.9245658813328154,1.0,7.951778866226358,17348749.333333332,NVIDIA A10
spec_sparse_quant_memonly,sparse_quant,1,0.1,4,medium,sparse_quant,8,true,memory_only,5.788739571125376,1.968272534830757,0.1213048993828183,26.588312639864828,3804035712.0,2.4739433074964836,0.9241186780001271,1.0,8.248825281242164,6769994.0,NVIDIA A10
spec_sparse_quant_memonly,sparse_quant,1,0.1,4,short,sparse_quant,68,true,memory_only,5.629102823882209,1.7758588478689246,0.11818205741819637,26.621641694535334,3327358584.470588,2.4132013908981764,0.8947755248674445,1.0,8.468918042838494,909644.2352941176,NVIDIA A10
spec_sparse_quant_memonly,sparse_quant,1,0.1,8,long,sparse_quant,24,true,memory_only,4.109986007625423,1.2795386581664887,0.08657560665300146,38.955705667197485,4664661269.333333,1.5729914998338757,0.9143770621243826,1.0,11.569934787121522,27755533.333333332,NVIDIA A10
spec_sparse_quant_memonly,sparse_quant,1,0.1,8,medium,sparse_quant,8,true,memory_only,3.8796188687503275,1.2954176916988316,0.08147179431641138,39.59916977539791,3825116288.0,1.5338205051250782,0.9049067597516114,1.0,12.285198421068223,10831178.0,NVIDIA A10
spec_sparse_quant_memonly,sparse_quant,1,0.1,8,short,sparse_quant,68,true,memory_only,3.8209440333087663,1.192689106759574,0.0803181130082713,39.18244507855391,3322128685.1764708,1.5243323680161827,0.8818575073095357,1.0,12.464234893640931,1455534.1176470588,NVIDIA A10
spec_sparse_quant_memonly,sparse_quant,1,0.4,16,long,sparse_only,24,true,none,2.6732929947497532,0.8243803644419923,0.056368660707677876,59.84037414769057,5042775872.0,1.0005871664599226,0.88781984416651,1.0,17.77317722610915,116025525.33333333,NVIDIA A10
spec_sparse_quant_memonly,sparse_quant,1,0.4,16,medium,sparse_only,8,true,none,2.513408393750126,0.8726818409512803,0.05253101754492384,61.36662740825116,3938141824.0,0.9786505231241449,0.9030648368767515,1.0,19.038731617880263,45468214.0,NVIDIA A10
spec_sparse_quant_memonly,sparse_quant,1,0.4,16,short,sparse_only,68,true,none,2.4295170902649206,0.7483381887770303,0.05115892407261376,61.54797119526118,3339605443.7647057,0.9597038115009515,0.8734972776484523,1.0,19.579844680748945,6415617.882352941,NVIDIA A10
spec_sparse_quant_memonly,sparse_quant,1,0.4,4,long,sparse_quant,24,true,memory_only,6.100312973833279,1.9552948047134513,0.12803512414778537,26.315134013595497,4753156138.666667,2.5820285961252694,0.9095718645007954,1.0,7.815482273036264,36262325.333333336,NVIDIA A10
spec_sparse_quant_memonly,sparse_quant,1,0.4,4,medium,sparse_quant,8,true,memory_only,5.785439938874958,1.9323314386041848,0.12148226995117106,26.551577262682972,3852692096.0,2.4822151004999,0.9106895972519737,1.0,8.23734330943524,14210614.0,NVIDIA A10
spec_sparse_quant_memonly,sparse_quant,1,0.4,4,short,sparse_quant,68,true,memory_only,5.638840456661903,1.7913814909306216,0.11829334684719897,26.59591198910797,3327858868.7058825,2.4249244186033954,0.8928906477639269,1.0,8.460605055103557,2005264.9411764706,NVIDIA A10
spec_sparse_quant_memonly,sparse_quant,1,0.4,8,long,sparse_quant,24,true,memory_only,4.201795969333413,1.348570588410498,0.08818421489322976,38.2115114070581,4866438506.666667,1.6152760143359046,0.9095751519552095,1.0,11.348893774256718,58016309.333333336,NVIDIA A10
spec_sparse_quant_memonly,sparse_quant,1,0.4,8,medium,sparse_quant,8,true,memory_only,3.982952519375317,1.3212249325982295,0.08370197566406645,38.54539406503331,3897038208.0,1.5703447833726045,0.911783380750876,1.0,11.958241113929684,22735798.0,NVIDIA A10
spec_sparse_quant_memonly,sparse_quant,1,0.4,8,short,sparse_quant,68,true,memory_only,3.8177644968087967,1.1990031493906759,0.08020283259283065,39.23522960297494,3333072143.0588236,1.5216053114570112,0.8786549520436558,1.0,12.481929514788186,3208472.470588235,NVIDIA A10
spec_sparse_quant_memonly,sparse_quant,1,1.0,16,long,sparse_only,24,true,none,2.8775384359587783,0.910983738933306,0.06049083153581473,55.722901254874415,5466288874.666667,1.0730290556236544,0.8995124487913699,1.0,16.55017293747737,237167880.0,NVIDIA A10
spec_sparse_quant_memonly,sparse_quant,1,1.0,16,medium,sparse_only,8,true,none,2.563207115124783,0.8966931212060213,0.053523599251949605,60.226088869200716,4125719168.0,1.006201157249393,0.9012673900048185,1.0,18.68497460419572,93239058.0,NVIDIA A10
spec_sparse_quant_memonly,sparse_quant,1,1.0,16,short,sparse_only,68,true,none,2.4325552252499647,0.7660604783117164,0.051088809796185165,61.58921234364306,3369376850.8235292,0.9619753409125384,0.8732612256186151,1.0,19.592332282646485,13517544.0,NVIDIA A10
spec_sparse_quant_memonly,sparse_quant,1,1.0,4,long,sparse_quant,24,true,memory_only,7.090136993291537,2.390080925167238,0.14827703385872285,22.79288113422229,4990515349.333333,3.013111145541378,0.9065064976240554,1.0,6.771648926181642,74121480.0,NVIDIA A10
spec_sparse_quant_memonly,sparse_quant,1,1.0,4,medium,sparse_quant,8,true,memory_only,5.877856476875138,1.9612410957806181,0.12343288034180055,26.129964696170717,3950475392.0,2.541381735626146,0.9028260567481539,1.0,8.106535977064812,29139858.0,NVIDIA A10
spec_sparse_quant_memonly,sparse_quant,1,1.0,4,short,sparse_quant,68,true,memory_only,5.613907551132263,1.7835049725687249,0.11777067426332538,26.712137630266554,3344809878.5882354,2.4192010514576956,0.8850111860443202,1.0,8.497925258168195,4224744.0,NVIDIA A10
spec_sparse_quant_memonly,sparse_quant,1,1.0,8,long,sparse_quant,24,true,memory_only,5.104437998374995,1.7063806637246102,0.10685286930989572,31.630874167088948,5313099584.0,1.9964523614191119,0.9059873930822278,1.0,9.397289872495573,118589064.0,NVIDIA A10
spec_sparse_quant_memonly,sparse_quant,1,1.0,8,medium,sparse_quant,8,true,memory_only,4.020207309625675,1.3769888239098145,0.08416415192774451,38.308922575478775,4041428480.0,1.5852309373718754,0.9027482035008916,1.0,11.885088483480232,46621842.0,NVIDIA A10
spec_sparse_quant_memonly,sparse_quant,1,1.0,8,short,sparse_quant,68,true,memory_only,3.8176840799410257,1.2242416432313126,0.07999754745197386,39.315612876017525,3355321223.529412,1.52503968224897,0.8779490766764932,1.0,12.507336915633697,6759528.0,NVIDIA A10
spec_sparse_quant_memonly,sparse_quant,3,0.1,16,long,sparse_only,24,true,none,2.905866794333633,0.9602228746252379,0.060768126843754544,55.42503889617016,4966012970.666667,1.5275100682116924,0.9634333506235938,0.34947417108914747,16.461011347129148,55505549.333333336,NVIDIA A10
spec_sparse_quant_memonly,sparse_quant,3,0.1,16,medium,sparse_only,8,true,none,2.8441299188752964,1.0304682464051143,0.059150404005862356,54.51358853211592,3939405760.0,1.5201621053720373,0.9832862716216368,0.3421892497200448,16.912950283755393,21659594.0,NVIDIA A10
spec_sparse_quant_memonly,sparse_quant,3,0.1,16,short,sparse_only,68,true,none,2.7020213076027764,0.9423764941479631,0.0560539490939772,56.13800006860733,3352715399.529412,1.4455613408557677,0.9392857880296854,0.3700956482242096,17.858536184700377,2909832.470588235,NVIDIA A10
spec_sparse_quant_memonly,sparse_quant,3,0.1,4,long,sparse_quant,24,true,memory_only,6.036167713082553,1.9796148333532744,0.12633864366535383,26.658827751344642,4862095850.666667,3.7538570476268283,0.9762967108337458,0.33863381858902575,7.917481841852341,17348749.333333332,NVIDIA A10
spec_sparse_quant_memonly,sparse_quant,3,0.1,4,medium,sparse_quant,8,true,memory_only,5.77021750262486,1.9022886731824675,0.12134105098046533,26.586951589933605,3899246912.0,3.6120453929996756,0.9581832831192969,0.3457446808510638,8.248264219541651,6769994.0,NVIDIA A10
spec_sparse_quant_memonly,sparse_quant,3,0.1,4,short,sparse_quant,68,true,memory_only,5.508613675676529,1.7899918439876725,0.11527262621461552,27.295532808055103,3354831721.4117646,3.446500108395827,0.9173107740136456,0.3717008205454944,8.682780579282086,909644.2352941176,NVIDIA A10
spec_sparse_quant_memonly,sparse_quant,3,0.1,8,long,sparse_quant,24,true,memory_only,4.146975154624556,1.350045027798581,0.08688371327603406,38.77576487794625,4916240554.666667,2.3503893648732324,0.9544176197907367,0.34947417108914747,11.516064004636545,27755533.333333332,NVIDIA A10
spec_sparse_quant_memonly,sparse_quant,3,0.1,8,medium,sparse_quant,8,true,memory_only,4.046054063124529,1.347318075223316,0.08501811377147561,37.97048780516958,3919781824.0,2.3245400303726456,0.9655743126166954,0.3421892497200448,11.779906069943644,10831178.0,NVIDIA A10
spec_sparse_quant_memonly,sparse_quant,3,0.1,8,short,sparse_quant,68,true,memory_only,3.7855596677799013,1.2085241742922872,0.07938791998622087,39.64215894876078,3349784801.882353,2.17922277193151,0.9047784560313015,0.3700956482242096,12.610357602168387,1455534.1176470588,NVIDIA A10
spec_sparse_quant_memonly,sparse_quant,3,0.4,16,long,sparse_only,24,true,none,3.0689204358748157,1.013163380013696,0.06420820701562253,52.477040483348546,5291546922.666667,1.6497149679989132,0.9766479918268184,0.33863381858902575,15.58688587609303,116025525.33333333,NVIDIA A10
spec_sparse_quant_memonly,sparse_quant,3,0.4,16,medium,sparse_only,8,true,none,2.8260041667504083,1.001754407743233,0.05891505539844388,54.71315102634414,4031963008.0,1.522052773621681,0.9703256462519221,0.33863381858902575,16.97471659711508,45468214.0,NVIDIA A10
spec_sparse_quant_memonly,sparse_quant,3,0.4,16,short,sparse_only,68,true,none,2.6474205596177987,0.8734475107047447,0.055300564676242246,56.886253271771054,3367235553.882353,1.420004088337825,0.9184373571763578,0.3711776863906467,18.09625630322481,6415617.882352941,NVIDIA A10
spec_sparse_quant_memonly,sparse_quant,3,0.4,4,long,sparse_quant,24,true,memory_only,6.28157143279149,2.02346316811427,0.13176822118489304,25.57032113817768,5005775722.666667,3.953699876497732,0.9752472683311831,0.33863381858902575,7.594337565762966,36262325.333333336,NVIDIA A10
spec_sparse_quant_memonly,sparse_quant,3,0.4,4,medium,sparse_quant,8,true,memory_only,5.9842702986237555,2.0784816674297573,0.12506721040427848,25.774510431409603,3946513280.0,3.768199570622869,0.9824505279980258,0.33863381858902575,7.996435970576408,14210614.0,NVIDIA A10
spec_sparse_quant_memonly,sparse_quant,3,0.4,4,short,sparse_quant,68,true,memory_only,5.567946813235521,1.8525215994960378,0.11618459238304603,27.075222726787185,3355514985.4117646,3.490874428823043,0.9243322438075184,0.37041534131883874,8.613096849495625,2005264.9411764706,NVIDIA A10
spec_sparse_quant_memonly,sparse_quant,3,0.4,8,long,sparse_quant,24,true,memory_only,4.33226989612471,1.3818559513138562,0.09098629113736578,37.03604283105308,5119208618.666667,2.495247868287644,0.9643047870845672,0.33863381858902575,10.999637351917622,58016309.333333336,NVIDIA A10
spec_sparse_quant_memonly,sparse_quant,3,0.4,8,medium,sparse_quant,8,true,memory_only,4.119491032125097,1.40194855828008,0.08631234923437603,37.358970514210604,3990859392.0,2.3816062897536767,0.9654466807492099,0.33863381858902575,11.590333792746414,22735798.0,NVIDIA A10
spec_sparse_quant_memonly,sparse_quant,3,0.4,8,short,sparse_quant,68,true,memory_only,3.8528572916172834,1.2703980438519458,0.08049126260982868,39.08789809851021,3360702253.1764708,2.2202260509552882,0.9172363726320862,0.3711776863906467,12.434574816392201,3208472.470588235,NVIDIA A10
spec_sparse_quant_memonly,sparse_quant,3,1.0,16,long,sparse_only,24,true,none,2.3966603789170526,1.0238936533616152,0.048369345464848834,70.34673860956424,5717341226.666667,1.4230685623776556,0.5691874158705635,0.7714041240777093,20.899182908003826,237167880.0,NVIDIA A10
spec_sparse_quant_memonly,sparse_quant,3,1.0,16,medium,sparse_only,8,true,none,1.8713773876246478,0.714779894293217,0.03863941503319879,83.48723566568239,4223223424.0,1.1613076784972236,0.44959712774868876,0.8768398268398269,25.903023473463303,93239058.0,NVIDIA A10
spec_sparse_quant_memonly,sparse_quant,3,1.0,16,short,sparse_only,68,true,none,2.4274192948083,0.8599297135481391,0.050530106703576355,62.92981108252591,3395214140.2352943,1.328361030029448,0.8092195678524845,0.47245876500228623,20.005991877622407,13517544.0,NVIDIA A10
spec_sparse_quant_memonly,sparse_quant,3,1.0,4,long,sparse_quant,24,true,memory_only,5.4910209585829834,2.316127637443959,0.11114603063085464,30.60456824491567,5241806890.666667,3.634671974333552,0.5665838417047931,0.7810547838237711,9.093301397519074,74121480.0,NVIDIA A10
spec_sparse_quant_memonly,sparse_quant,3,1.0,4,medium,sparse_quant,8,true,memory_only,4.167310422499895,1.5346171066845706,0.08645888619921749,37.2863837530602,4048075456.0,2.802022882375354,0.44763080574989544,0.8768398268398269,11.568336989648056,29139858.0,NVIDIA A10
spec_sparse_quant_memonly,sparse_quant,3,1.0,4,short,sparse_quant,68,true,memory_only,5.193289995411279,1.8497966217141837,0.107873797597419,29.39395819100869,3370333982.117647,3.288267685131974,0.8182931889408765,0.4751184924145491,9.345745596266275,4224744.0,NVIDIA A10
spec_sparse_quant_memonly,sparse_quant,3,1.0,8,long,sparse_quant,24,true,memory_only,3.9930867587083108,1.7008514235298886,0.08077533821028737,42.230558240606754,5572786453.333333,2.493610768917127,0.5726059453375759,0.7714041240777093,12.548956690096439,118589064.0,NVIDIA A10
spec_sparse_quant_memonly,sparse_quant,3,1.0,8,medium,sparse_quant,8,true,memory_only,2.829630584249344,1.0781520080169213,0.05844331829100469,55.18977620513766,4139032128.0,1.7911091119998446,0.45052984549863595,0.8768398268398269,17.12333644647365,46621842.0,NVIDIA A10
spec_sparse_quant_memonly,sparse_quant,3,1.0,8,short,sparse_quant,68,true,memory_only,3.5825516397797617,1.2558430883329965,0.07462781766889413,42.557506294904044,3381136512.0,2.0925649507190722,0.8156736324421859,0.47245876500228623,13.530016096325465,6759528.0,NVIDIA A10
spec_sparse_quant_memonly,sparse_quant,5,0.1,16,long,sparse_only,24,true,none,3.815837352000244,1.2013305346707237,0.08026761723828457,42.00249050975634,4965943232.0,2.457403635418738,0.9469775857880146,0.2149174912332807,12.473277934537725,55505549.333333336,NVIDIA A10
spec_sparse_quant_memonly,sparse_quant,5,0.1,16,medium,sparse_only,8,true,none,3.7220979541257293,1.257798245935655,0.07805512234571665,41.317553036585984,3941799872.0,2.4295710956348557,0.9614211672542297,0.21011663774821668,12.818412781357893,21659594.0,NVIDIA A10
spec_sparse_quant_memonly,sparse_quant,5,0.1,16,short,sparse_only,68,true,none,3.503983687470763,1.1378250741449996,0.07332896312960081,42.901412294162434,3352691350.5882354,2.2844895937072685,0.9126188319268936,0.22784586328369938,13.64722798392912,2909832.470588235,NVIDIA A10
spec_sparse_quant_memonly,sparse_quant,5,0.1,4,long,sparse_quant,24,true,memory_only,8.402048183792052,2.7811569927397484,0.1756631451497436,19.17133819194664,4862141333.333333,6.132757852085358,0.9718743592460063,0.2078272604588394,5.693782712854111,17348749.333333332,NVIDIA A10
spec_sparse_quant_memonly,sparse_quant,5,0.1,4,medium,sparse_quant,8,true,memory_only,8.095532350748954,2.769793954361968,0.169501745080062,19.02142929972753,3900702144.0,5.924002616744019,0.9592472310041558,0.212406015037594,5.9012726844568535,6769994.0,NVIDIA A10
spec_sparse_quant_memonly,sparse_quant,5,0.1,4,short,sparse_quant,68,true,memory_only,7.680391487808586,2.5895952842062884,0.15998036813166003,19.66040159554211,3354813312.0,5.614903133044677,0.9186625820148038,0.22885063363772412,6.254327569658736,909644.2352941176,NVIDIA A10
spec_sparse_quant_memonly,sparse_quant,5,0.1,8,long,sparse_quant,24,true,memory_only,5.672592673499897,1.8612713496979283,0.1187319166100238,28.37014398826354,4916248640.0,3.8736611551269866,0.9561888040399632,0.2149174912332807,8.425623242679062,27755533.333333332,NVIDIA A10
spec_sparse_quant_memonly,sparse_quant,5,0.1,8,medium,sparse_quant,8,true,memory_only,5.470137319124888,1.8809643943104917,0.11452240088866716,28.16650869245298,3922175936.0,3.776818029375818,0.9572360388765446,0.21011663774821668,8.738450715324563,10831178.0,NVIDIA A10
spec_sparse_quant_memonly,sparse_quant,5,0.1,8,short,sparse_quant,68,true,memory_only,5.222830643838145,1.7027982945510278,0.10924989693956674,28.79593866695055,3349754134.5882354,3.5931798887772053,0.9142480681475718,0.22784586328369938,9.160332755646305,1455534.1176470588,NVIDIA A10
spec_sparse_quant_memonly,sparse_quant,5,0.4,16,long,sparse_only,24,true,none,4.173907713083206,1.3629723740219943,0.08741553805924458,38.5382568427529,5284295296.0,2.7540924546665337,0.980079516541764,0.2078272604588394,11.44589942522173,116025525.33333333,NVIDIA A10
spec_sparse_quant_memonly,sparse_quant,5,0.4,16,medium,sparse_only,8,true,none,3.8033742817508482,1.3086322259038732,0.07957959299024964,40.51255957678331,4034754432.0,2.5008083961181455,0.9694073379973815,0.2078272604588394,12.5687952009671,45468214.0,NVIDIA A10
spec_sparse_quant_memonly,sparse_quant,5,0.4,16,short,sparse_only,68,true,none,3.5361146477208045,1.1689873368566863,0.07384190844416594,42.59941628256052,3367204886.5882354,2.311115636956883,0.9159906169682686,0.2285511144330118,13.551765623340096,6415617.882352941,NVIDIA A10
spec_sparse_quant_memonly,sparse_quant,5,0.4,4,long,sparse_quant,24,true,memory_only,8.783132708541265,2.9144751655249,0.18357955841145213,18.34469902698133,5006208298.666667,6.470020314877881,0.9696185635390672,0.2078272604588394,5.448346354673832,36262325.333333336,NVIDIA A10
spec_sparse_quant_memonly,sparse_quant,5,0.4,4,medium,sparse_quant,8,true,memory_only,8.2370516459996,2.823739604432358,0.1724253440175687,18.698249077370033,3949304704.0,6.071989121124716,0.961087140744894,0.2078272604588394,5.801014341672446,14210614.0,NVIDIA A10
spec_sparse_quant_memonly,sparse_quant,5,0.4,4,short,sparse_quant,68,true,memory_only,7.73166407097051,2.5373635370104464,0.16158232519531252,19.46492014399129,3355464929.882353,5.664442753884326,0.9188908320151955,0.2281295360220956,6.1920016694262685,2005264.9411764706,NVIDIA A10
spec_sparse_quant_memonly,sparse_quant,5,0.4,8,long,sparse_quant,24,true,memory_only,6.016845074708574,2.0078507413079025,0.12568789720638543,26.796435279215107,5119601386.666667,4.163953187703858,0.9748461065840578,0.2078272604588394,7.9586082405982745,58016309.333333336,NVIDIA A10
spec_sparse_quant_memonly,sparse_quant,5,0.4,8,medium,sparse_quant,8,true,memory_only,5.568746486000919,1.8801294245644902,0.11678463416017593,27.614407768508904,3993650816.0,3.859486643130367,0.9543353853682675,0.2078272604588394,8.567118155846103,22735798.0,NVIDIA A10
spec_sparse_quant_memonly,sparse_quant,5,0.4,8,short,sparse_quant,68,true,memory_only,5.246102767837649,1.741131692747356,0.10950903547930914,28.728944935322684,3360671585.882353,3.6129188211312417,0.9158504158665036,0.2285511144330118,9.139180106474488,3208472.470588235,NVIDIA A10
spec_sparse_quant_memonly,sparse_quant,5,1.0,16,long,sparse_only,24,true,none,2.6077460593742217,1.295536804020924,0.05123386434894902,67.96666182165916,5720021781.333333,1.8301605429167012,0.4487283086230794,0.6861069486069485,20.19298333431583,237167880.0,NVIDIA A10
spec_sparse_quant_memonly,sparse_quant,5,1.0,16,medium,sparse_only,8,true,none,1.9262298814990118,0.8286493757777644,0.039096744162087305,82.97237387951279,4223859136.0,1.367345182250574,0.36196206662270924,0.7702380952380952,25.745321495037786,93239058.0,NVIDIA A10
spec_sparse_quant_memonly,sparse_quant,5,1.0,16,short,sparse_only,68,true,none,3.174751836543852,1.215540049740442,0.06606305961902174,49.46297258112703,3392240692.7058825,2.095294121750853,0.7994539715883173,0.31683387741126035,15.713927247904559,13517544.0,NVIDIA A10
spec_sparse_quant_memonly,sparse_quant,5,1.0,4,long,sparse_quant,24,true,memory_only,5.983392700625321,2.9689659100535843,0.1177040232669313,29.60991564813429,5241805589.333333,4.547996184917565,0.4393509637502575,0.6996561400645559,8.798762716559043,74121480.0,NVIDIA A10
spec_sparse_quant_memonly,sparse_quant,5,1.0,4,medium,sparse_quant,8,true,memory_only,4.336575090375845,1.8966792663332386,0.08779518791017438,37.00017236374694,4048710144.0,3.286930391748683,0.3585636858763337,0.786927365883062,11.480819083853522,29139858.0,NVIDIA A10
spec_sparse_quant_memonly,sparse_quant,5,1.0,4,short,sparse_quant,68,true,memory_only,6.957609694602845,2.7359433783358234,0.1439415273568468,22.597661808133253,3368831540.7058825,5.111977234488463,0.8007555806329947,0.3212037240303611,7.179971344485342,4224744.0,NVIDIA A10
spec_sparse_quant_memonly,sparse_quant,5,1.0,8,long,sparse_quant,24,true,memory_only,4.359650074000835,2.1982897393556278,0.08554771057618638,40.914961045257655,5574785792.0,3.1708398987918067,0.4531455764188195,0.6861069486069485,12.159288552149246,118589064.0,NVIDIA A10
spec_sparse_quant_memonly,sparse_quant,5,1.0,8,medium,sparse_quant,8,true,memory_only,2.9020529117492515,1.2905551201330678,0.05858725603319215,55.52216455530052,4139472320.0,2.107524778254401,0.3648463309973522,0.7702380952380952,17.22829770169736,46621842.0,NVIDIA A10
spec_sparse_quant_memonly,sparse_quant,5,1.0,8,short,sparse_quant,68,true,memory_only,4.900173674896985,1.967325491792507,0.10128420353630428,32.31023313054366,3378079450.352941,3.3887095726189567,0.8276605051296428,0.31683387741126035,10.264815390614956,6759528.0,NVIDIA A10
spec_sparse_quant_memonly,sparse_quant,7,0.1,16,long,sparse_only,24,true,none,4.841171128499809,1.635031198626959,0.1009733692226528,33.353421683964385,4965921237.333333,3.461754055746875,0.9641407190844499,0.15745934812151471,9.90584298288752,55505549.333333336,NVIDIA A10
spec_sparse_quant_memonly,sparse_quant,7,0.1,16,medium,sparse_only,8,true,none,4.715701325249711,1.6082339512284476,0.098776222939442,32.64426297218649,3943541952.0,3.404047136255258,0.9756792203738769,0.1537942995778254,10.127645073232223,21659594.0,NVIDIA A10
spec_sparse_quant_memonly,sparse_quant,7,0.1,16,short,sparse_only,68,true,none,4.434697780117564,1.4346808101843664,0.09285355862982418,33.88966890805148,3352708299.2941175,3.1933819133381642,0.9284536341331605,0.16701711005549327,10.780596637174144,2909832.470588235,NVIDIA A10
spec_sparse_quant_memonly,sparse_quant,7,0.1,4,long,sparse_quant,24,true,memory_only,10.742363950375042,3.4953966440745106,0.22505623911718686,14.966613740214411,4862132010.666667,8.46709894187317,0.9767502775421993,0.15208850756378414,4.444980822694962,17348749.333333332,NVIDIA A10
spec_sparse_quant_memonly,sparse_quant,7,0.1,4,medium,sparse_quant,8,true,memory_only,10.317473195126468,3.477720201285224,0.21640932594728923,14.902059646628404,3902828352.0,8.145817748251147,0.9642088294913265,0.15550009159186662,4.623226023987892,6769994.0,NVIDIA A10
spec_sparse_quant_memonly,sparse_quant,7,0.1,4,short,sparse_quant,68,true,memory_only,9.871456312102751,3.384045965056631,0.20520376674057542,15.329933189468658,3354784918.5882354,7.773543504454237,0.9294603604404235,0.1677800661487821,4.876726829603539,909644.2352941176,NVIDIA A10
spec_sparse_quant_memonly,sparse_quant,7,0.1,8,long,sparse_quant,24,true,memory_only,7.23396017691645,2.2567239083531816,0.15231165653971365,22.135064778582517,4916050218.666667,5.404481414958961,0.970449258791632,0.15745934812151471,6.573901012021316,27755533.333333332,NVIDIA A10
spec_sparse_quant_memonly,sparse_quant,7,0.1,8,medium,sparse_quant,8,true,memory_only,6.941932427750089,2.392846183822236,0.14522707425976478,22.201918185333074,3923918016.0,5.232515049753829,0.9684301972431513,0.1537942995778254,6.888022361869628,10831178.0,NVIDIA A10
spec_sparse_quant_memonly,sparse_quant,7,0.1,8,short,sparse_quant,68,true,memory_only,6.620521871323223,2.180735785762676,0.1383179209188813,22.744245020810748,3349778251.2941175,4.970529251794794,0.9257113478081865,0.16701711005549327,7.2351576980128405,1455534.1176470588,NVIDIA A10
spec_sparse_quant_memonly,sparse_quant,7,0.4,16,long,sparse_only,24,true,none,5.220656019292467,1.757889744118505,0.10893794342449326,30.921244952242986,5283860266.666667,3.8016531838335745,0.9799349483308409,0.15208850756378414,9.184240575486026,116025525.33333333,NVIDIA A10
spec_sparse_quant_memonly,sparse_quant,7,0.4,16,medium,sparse_only,8,true,none,4.780193478748288,1.7261862464223028,0.09943003252731586,32.4207114817862,4036938752.0,3.4691960521270175,0.9748269697522574,0.15208850756378414,10.058600183034002,45468214.0,NVIDIA A10
spec_sparse_quant_memonly,sparse_quant,7,0.4,16,short,sparse_only,68,true,none,4.477894410500325,1.5426862499768557,0.09302443566912272,33.814879744568,3367229003.2941175,3.230147658130216,0.9308797272959268,0.16756003077303314,10.757329584736569,6415617.882352941,NVIDIA A10
spec_sparse_quant_memonly,sparse_quant,7,0.4,4,long,sparse_quant,24,true,memory_only,11.375535827332973,3.8896098542804913,0.23689197157551453,14.21673530440314,5006115242.666667,9.026300476125849,0.9860663881256642,0.15208850756378414,4.222571878250293,36262325.333333336,NVIDIA A10
spec_sparse_quant_memonly,sparse_quant,7,0.4,4,medium,sparse_quant,8,true,memory_only,10.676483023999708,3.8047629331620016,0.22244038166991942,14.491923544089673,3951489024.0,8.467695914880323,0.9780139132592467,0.15208850756378414,4.496124634970803,14210614.0,NVIDIA A10
spec_sparse_quant_memonly,sparse_quant,7,0.4,4,short,sparse_quant,68,true,memory_only,9.881994420088336,3.3503627473150774,0.20570163917601292,15.292377020115559,3355481878.5882354,7.800750178248831,0.9255788389830955,0.16725119598768384,4.864814530222149,2005264.9411764706,NVIDIA A10
spec_sparse_quant_memonly,sparse_quant,7,0.4,8,long,sparse_quant,24,true,memory_only,7.6207370603752524,2.5894896497973634,0.15882435629882963,21.202314325746766,5119530794.666667,5.75851165374949,0.9777525689124408,0.15208850756378414,6.297276077512058,58016309.333333336,NVIDIA A10
spec_sparse_quant_memonly,sparse_quant,7,0.4,8,medium,sparse_quant,8,true,memory_only,7.2464748883744505,2.6066416880522,0.1507947230878841,21.375810866694856,3995835136.0,5.482631293508803,0.9852770964992033,0.15208850756378414,6.631888412025977,22735798.0,NVIDIA A10
spec_sparse_quant_memonly,sparse_quant,7,0.4,8,short,sparse_quant,68,true,memory_only,6.7092525103084615,2.3096030114248065,0.13940864917623397,22.56562661266398,3360695702.5882354,5.041354911015306,0.9319763732644734,0.16756003077303314,7.178775609005827,3208472.470588235,NVIDIA A10
spec_sparse_quant_memonly,sparse_quant,7,1.0,16,long,sparse_only,24,true,none,2.843487916625236,1.5642467325852174,0.05471527390104806,65.97614218069108,5719352213.333333,2.139435397416188,0.41029337520906967,0.6295341649146973,19.60373486457874,237167880.0,NVIDIA A10
spec_sparse_quant_memonly,sparse_quant,7,1.0,16,medium,sparse_only,8,true,none,1.866613508874707,0.8797905571973871,0.037327502121087264,87.74189592310313,4217071488.0,1.4231167161269695,0.2835944482499144,0.7834685598377282,27.227129659417013,93239058.0,NVIDIA A10
spec_sparse_quant_memonly,sparse_quant,7,1.0,16,short,sparse_only,68,true,none,3.958242983897488,1.6304747134910071,0.08169419113810464,40.46374237078009,3393492833.882353,2.8690354402952996,0.8069009578079845,0.2441273062135215,12.852831905488458,13517544.0,NVIDIA A10
spec_sparse_quant_memonly,sparse_quant,7,1.0,4,long,sparse_quant,24,true,memory_only,6.774407118916997,3.582362443500188,0.13142612506055448,26.974924327127386,5241562069.333333,5.456922928667685,0.42192530245840015,0.5971319740387537,8.01365317602431,74121480.0,NVIDIA A10
spec_sparse_quant_memonly,sparse_quant,7,1.0,4,medium,sparse_quant,8,true,memory_only,4.3131836148756975,2.1012123798909035,0.08579046444727823,38.36168252802899,4042198016.0,3.473695669875724,0.2977478052537208,0.7657380633838274,11.904268117748444,29139858.0,NVIDIA A10
spec_sparse_quant_memonly,sparse_quant,7,1.0,4,short,sparse_quant,68,true,memory_only,8.643867473867163,3.615607862388589,0.17807634848046117,18.62364712693176,3368839544.470588,6.833097934017373,0.7947537133847137,0.2508356491164816,5.915253700036674,4224744.0,NVIDIA A10
spec_sparse_quant_memonly,sparse_quant,7,1.0,8,long,sparse_quant,24,true,memory_only,4.806359306125311,2.599564996857778,0.09281475037370039,38.631129492473775,5573474517.333333,3.731334032456895,0.4224055571250271,0.6114799245948319,11.479582712678324,118589064.0,NVIDIA A10
spec_sparse_quant_memonly,sparse_quant,7,1.0,8,medium,sparse_quant,8,true,memory_only,2.774983587501083,1.3023497738714802,0.055523565630878124,58.94464698129242,4132753856.0,2.1544237286225325,0.28284977812336365,0.7834685598377282,18.291063221105276,46621842.0,NVIDIA A10
spec_sparse_quant_memonly,sparse_quant,7,1.0,8,short,sparse_quant,68,true,memory_only,5.890657463588201,2.455287733586502,0.12128422918014709,27.195397216256772,3379313626.352941,4.438819105484901,0.8030907330891804,0.2441273062135215,8.638881149656125,6759528.0,NVIDIA A10
